first_name,email,gender,income
Currie,ccraufurd0@dmoz.org,Male,5290.2
Arne,agossington1@oracle.com,Male,3912.56
Shamus,sarbuckel2@domainmarket.com,Male,6361.99
Nealon,nlichfield3@furl.net,Male,4914.98
Felice,fbeig4@flickr.com,Male,6718.38
Jacques,jturnpenny5@diigo.com,Male,5707.8
Camey,cmewis6@pbs.org,Male,3634.49
Sanford,sledger7@time.com,Male,6889.83
Kerwinn,kreinard8@seattletimes.com,Male,5240.69
Alain,adeners9@dailymotion.com,Male,5713.38
Graig,gcomstya@behance.net,Male,4862.72
Emilio,edreweb@ucla.edu,Male,4390.61
Ester,eseelc@tamu.edu,Female,4173.38
Jerrylee,jjohannesd@indiatimes.com,Polygender,5424.41
Levey,ltrebblee@whitehouse.gov,Male,4044.2
Cathie,csalanf@360.cn,Female,5079.2
Shep,sgarlettg@thetimes.co.uk,Male,5840.42
Charmane,ctamburoh@seattletimes.com,Female,6716.2
Wilie,wmaddini@ustream.tv,Female,4254.8
Langston,llockhurstj@yandex.ru,Male,4418.35
Aksel,aricek@infoseek.co.jp,Male,6035.5
Constantia,cferrullil@pbs.org,Genderqueer,5568.24
Gabrila,gduellm@phoca.cz,Female,5501.23
Dotti,dmollnarn@vistaprint.com,Female,4157.02
Jessalin,jtregennao@360.cn,Genderqueer,6007.17
Allsun,ahendersonp@naver.com,Female,6990.73
Alfonso,areisensteinq@wix.com,Male,4644.85
Stephenie,spreecer@digg.com,Female,6596.78
Allene,aelderss@theguardian.com,Female,4069.54
Dun,datwatert@dion.ne.jp,Male,4019.31
Marcy,mgiacovazzou@miitbeian.gov.cn,Female,5035.57
Dunc,dmeenehanv@amazon.de,Male,5698.17
Gay,gmcclayw@amazon.com,Female,5231.92
Shanon,smccarthyx@symantec.com,Female,6297.85
Cornela,crastally@goodreads.com,Female,4207.78
Rodrique,rmacmeartyz@t.co,Male,5879.81
Bartholomeus,bcollingworth10@gov.uk,Male,4026.38
Towny,tkhotler11@nifty.com,Male,5457.07
Franklyn,fgiovannilli12@sohu.com,Male,4829.91
Claudius,cpoxon13@yahoo.co.jp,Male,6061.84
Wendell,wdunbavin14@cam.ac.uk,Male,5497.81
Jo,jsoper15@prweb.com,Female,5718.8
Morly,mtitcombe16@buzzfeed.com,Male,6327.14
Jayme,jbrisland17@bbb.org,Genderqueer,6986.62
Ellerey,efeak18@ed.gov,Male,5306.28
Babita,bcasswell19@wp.com,Female,3991.12
Ruddie,rhollingdale1a@netlog.com,Male,5048.64
Jock,jemby1b@jimdo.com,Male,5765.4
Nixie,ntummasutti1c@columbia.edu,Female,5999.08
Renate,rridsdale1d@google.com.br,Female,4551.47
Jorgan,jbranston1e@dot.gov,Male,5609.4
Urbano,ulantry1f@house.gov,Male,4275.62
Tom,tstolberger1g@moonfruit.com,Genderqueer,5812.68
Ezequiel,ebuttrick1h@lulu.com,Male,4502.19
Farrah,fletten1i@cocolog-nifty.com,Female,4033.02
Sharla,syegorov1j@europa.eu,Female,5676.0
Leontine,lstutter1k@dailymotion.com,Agender,5980.42
Shay,sdrowsfield1l@printfriendly.com,Male,3697.32
Cobb,cheeran1m@marketwatch.com,Male,5600.69
Maury,mlunny1n@bing.com,Genderfluid,3662.51
Eliza,escurfield1o@photobucket.com,Female,5674.04
Christabel,ccrocker1p@tripod.com,Non-binary,6494.4
Jehu,jjoyes1q@apple.com,Male,4502.44
Ingelbert,istanlock1r@w3.org,Male,5895.93
Winston,wjolliff1s@auda.org.au,Male,6196.63
Sholom,ssargint1t@cmu.edu,Male,4630.91
Bennie,bleitche1u@java.com,Female,6551.18
Obadiah,ohaddleton1v@blogspot.com,Male,6855.17
Tiena,tbatey1w@mysql.com,Female,4116.68
Eimile,ethreadgold1x@adobe.com,Female,5364.33
Roberta,rshugg1y@dropbox.com,Female,6516.08
Lorine,lminchi1z@sbwire.com,Female,4245.62
Arther,aragg20@liveinternet.ru,Male,6832.99
Doria,dhannis21@google.de,Female,5904.99
Mannie,mbroddle22@deliciousdays.com,Male,5757.94
Dall,dfattore23@opera.com,Male,5922.38
Lydon,lpfeffer24@guardian.co.uk,Male,6947.64
Catrina,cpeel25@opensource.org,Female,4836.45
Travis,tdorney26@miitbeian.gov.cn,Male,4584.93
Diane,dmaudson27@bigcartel.com,Female,5133.39
Blisse,boloughran28@dyndns.org,Female,4613.76
Tamqrah,tbingell29@nih.gov,Female,3609.05
Bendite,bkenworth2a@tripadvisor.com,Female,4232.22
Konstantine,klawrence2b@nationalgeographic.com,Male,6056.55
Emery,ekennifick2c@opensource.org,Non-binary,4710.81
Eolanda,epalin2d@state.gov,Female,4359.43
Reinwald,rpattullo2e@wp.com,Male,5855.15
Consuela,calleyne2f@businesswire.com,Female,4775.65
Zulema,zjepperson2g@ca.gov,Female,5068.48
Gladys,glathee2h@friendfeed.com,Female,6465.93
Stoddard,smiddis2i@irs.gov,Female,4883.45
Bendite,bguislin2j@dell.com,Female,5764.63
Ogden,ofranzettoini2k@zimbio.com,Male,4923.22
Georgette,gtrewin2l@economist.com,Female,5335.36
Felicio,fclemmey2m@washington.edu,Genderfluid,4196.8
Rabbi,rholgan2n@paypal.com,Male,5479.2
Ardra,asigward2o@barnesandnoble.com,Female,4756.73
Rupert,rdaborn2p@tuttocitta.it,Male,5441.68
Lorrie,lmcmichan2q@ustream.tv,Male,6002.55
Tobin,tbuglar2r@businessweek.com,Male,6398.67
Al,ahogbin2s@shareasale.com,Male,4781.64
Law,ldamrel2t@ezinearticles.com,Male,5297.26
Shayna,sscanlin2u@addtoany.com,Genderfluid,4860.01
Glori,gyosselevitch2v@biblegateway.com,Female,3589.25
Eugen,eheyward2w@usatoday.com,Male,4244.06
Rock,rbelton2x@artisteer.com,Male,5482.6
Benito,bevered2y@ask.com,Male,4473.62
Gregg,gfasham2z@epa.gov,Male,6420.36
Andreas,amcfee30@cafepress.com,Male,4184.65
Hiram,hborborough31@dagondesign.com,Genderfluid,4751.71
Lezlie,lsynder32@webeden.co.uk,Female,4777.05
Garvy,gmoyes33@so-net.ne.jp,Male,4532.4
Stefanie,soliva34@indiegogo.com,Female,5425.34
Ailene,askull35@zdnet.com,Genderqueer,5479.32
Nickey,nkovnot36@apache.org,Male,4727.06
Skippie,sfellman37@chronoengine.com,Male,4340.48
Archaimbaud,amerkel38@umich.edu,Male,5451.83
Michal,mteaze39@reddit.com,Female,6274.34
Lincoln,lducket3a@storify.com,Male,5212.99
Jose,jkenforth3b@about.me,Male,5082.21
Raff,rpedycan3c@pagesperso-orange.fr,Male,5737.85
Andrew,apakes3d@discovery.com,Genderqueer,6446.56
Christie,craitie3e@odnoklassniki.ru,Female,4130.67
Alwyn,amaddison3f@cdc.gov,Male,5162.85
Carine,cocallaghan3g@wix.com,Female,6976.62
Gib,glarimer3h@networkadvertising.org,Male,6296.92
Kaile,kbocking3i@hc360.com,Female,6862.14
Noemi,nmcgunley3j@unesco.org,Female,3567.97
Olga,ofrancesco3k@nifty.com,Female,4388.42
Bettina,bstocken3l@vimeo.com,Female,5270.56
Vaughn,vtoffolini3m@friendfeed.com,Male,5465.12
Wald,wmilmo3n@army.mil,Male,4923.53
Yanaton,yphilpot3o@bigcartel.com,Male,5676.74
Juieta,jstrettell3p@gov.uk,Female,4464.41
Beverlie,bglashby3q@time.com,Female,6150.26
Jamesy,joskehan3r@bandcamp.com,Polygender,4540.08
Cammie,cfalconar3s@npr.org,Female,3519.46
Seana,sabrehart3t@studiopress.com,Female,5736.77
Bevin,bbenn3u@lulu.com,Male,4977.16
Link,lepp3v@businessweek.com,Male,5620.56
Georges,gseller3w@mashable.com,Male,6560.09
Christophorus,cruzic3x@army.mil,Male,4959.91
Carolyn,csabathier3y@geocities.com,Female,3883.83
Bree,bbelasco3z@howstuffworks.com,Female,4248.29
Bradley,bcallcott40@instagram.com,Male,4985.27
Yuma,ykynder41@sina.com.cn,Male,5737.9
Jarrod,jgenever42@github.io,Male,6673.17
Mead,mgouley43@friendfeed.com,Male,5738.6
Juli,jgogin44@bandcamp.com,Female,6244.97
Evangelina,eescalera45@ucoz.com,Female,3713.61
Franni,fcoplestone46@cmu.edu,Female,4256.49
Blair,bmckeeman47@wisc.edu,Male,4830.59
Jaime,jropkins48@forbes.com,Male,5836.65
Nester,ndionisetti49@irs.gov,Male,3551.81
Mandie,mruilton4a@jugem.jp,Female,6437.38
Hannah,hdrescher4b@moonfruit.com,Female,6310.06
Emmalynn,ebau4c@joomla.org,Female,4129.8
Livvie,lladbrook4d@cocolog-nifty.com,Female,4298.13
Jamie,jsanto4e@bloglovin.com,Male,3674.81
Ronnie,rlowater4f@mayoclinic.com,Male,5977.64
Estelle,eyaneev4g@amazon.co.jp,Female,5049.71
Marys,mpagitt4h@e-recht24.de,Female,5566.33
Sisely,smcphillips4i@mtv.com,Genderfluid,6848.08
Hilary,hmcaline4j@acquirethisname.com,Male,4850.63
Clark,cpensom4k@hud.gov,Agender,6469.79
Nicole,ndunstall4l@dyndns.org,Female,5819.28
Leonelle,lcopping4m@biblegateway.com,Female,5597.44
Hermy,hbagott4n@canalblog.com,Male,4285.55
Kendra,kzellner4o@time.com,Female,5814.3
Dominik,desherwood4p@stumbleupon.com,Male,5292.61
Gabbi,gstachini4q@alibaba.com,Female,6130.76
Elsa,eayers4r@howstuffworks.com,Female,5412.34
Bernette,btoplin4s@netvibes.com,Female,4764.07
Bobbye,bsea4t@cnbc.com,Female,5463.89
Geno,gbattersby4u@istockphoto.com,Male,5408.37
Adah,acadore4v@smh.com.au,Female,5941.92
Sky,smckane4w@redcross.org,Male,4934.8
Glendon,gnoton4x@independent.co.uk,Male,6992.24
Hodge,hdrayson4y@bandcamp.com,Male,3679.81
Dyann,dderobert4z@pen.io,Female,6907.35
Wolfgang,wketchen50@slate.com,Male,4741.33
Deborah,dwhoolehan51@slideshare.net,Female,3986.35
Hallsy,hvasenkov52@cafepress.com,Male,5413.63
Lynne,lforkan53@bandcamp.com,Female,6548.43
Glennis,gcockran54@google.fr,Female,6823.8
Anastassia,acappineer55@utexas.edu,Female,5206.1
Frasco,fungerecht56@patch.com,Male,3681.6
Sidnee,srowena57@biglobe.ne.jp,Male,6442.51
Jermaine,jmilmith58@vk.com,Female,5583.75
Lebbie,lshreeve59@last.fm,Female,4265.04
Chloette,colivera5a@time.com,Non-binary,6304.22
Gonzales,gbuckwell5b@nationalgeographic.com,Agender,6972.27
Maynord,mocodihie5c@hud.gov,Male,5000.7
Daveen,denzley5d@indiatimes.com,Female,3869.44
Joshuah,jfranck5e@cnet.com,Male,5901.76
Theresita,twhorall5f@google.it,Female,3888.24
Martino,mgullifant5g@sfgate.com,Male,4175.01
Nowell,nflorence5h@netscape.com,Male,6478.72
Christy,csparkes5i@cafepress.com,Male,3830.65
Robinetta,rbouzek5j@techcrunch.com,Female,4994.95
Hazel,hoferris5k@yahoo.com,Female,3995.67
Carlie,cveltman5l@wiley.com,Female,3633.73
Gussi,gfossey5m@answers.com,Female,4345.41
Lilly,lohogan5n@weibo.com,Female,6743.94
Martainn,mmacvanamy5o@nytimes.com,Male,3952.27
Kari,kseston5p@unblog.fr,Female,6866.7
Christoph,chawick5q@newsvine.com,Male,4414.04
Hester,htownson5r@networkadvertising.org,Female,6967.32
Balduin,bbodechon5s@ebay.co.uk,Male,4192.02
Doris,ddunseath5t@1688.com,Female,4302.62
Othello,ogoatcher5u@domainmarket.com,Male,4554.68
Fraser,fepsly5v@mozilla.org,Male,5012.12
Herbert,hnormanvill5w@ameblo.jp,Male,5487.42
Murdock,mfrostick5x@java.com,Genderqueer,4447.73
Wyndham,wtewkesbury5y@ehow.com,Male,4715.09
Guido,geastope5z@weather.com,Male,5014.06
Goraud,goertzen60@360.cn,Male,6900.74
Sigismund,smcnaughton61@digg.com,Male,5349.53
Cosetta,cscranney62@engadget.com,Genderfluid,4976.02
Charlton,cclaremont63@china.com.cn,Bigender,6917.1
Eugen,epetr64@ucoz.com,Male,4042.76
Basil,bbielby65@purevolume.com,Male,6351.84
Goldie,ghalward66@livejournal.com,Genderqueer,4453.79
Dian,dlumm67@miitbeian.gov.cn,Non-binary,4106.72
Raff,rmico68@wikia.com,Male,5254.72
Cherri,csantello69@timesonline.co.uk,Polygender,3550.91
Gaspar,gchoake6a@gmpg.org,Male,3655.49
Reg,raindriu6b@whitehouse.gov,Male,4195.32
Trace,tvallentin6c@over-blog.com,Male,6138.88
Kimmie,kpearn6d@scientificamerican.com,Female,4569.23
Sharl,selias6e@163.com,Female,3611.19
Onida,oinglesant6f@parallels.com,Female,6482.7
Angeline,ascrigmour6g@senate.gov,Female,6267.62
Roze,rschellig6h@mail.ru,Female,5090.76
Avrit,aghidoli6i@shutterfly.com,Agender,3558.75
Denny,dmara6j@wunderground.com,Female,4677.98
Zarah,zebbens6k@gravatar.com,Female,4774.0
Micheal,mflowerdew6l@booking.com,Male,4858.62
Langsdon,lshorto6m@desdev.cn,Male,4305.45
Linnea,lkeigher6n@drupal.org,Female,5086.73
Enriqueta,ezold6o@ycombinator.com,Female,6153.27
Tomaso,tserman6p@storify.com,Male,6843.21
Jenelle,jstango6q@bluehost.com,Female,6520.48
Wynnie,wbezemer6r@stanford.edu,Bigender,5873.25
Tomasine,tjon6s@dailymail.co.uk,Non-binary,5881.01
Benoite,bcrellin6t@mapquest.com,Polygender,5170.14
Curry,causten6u@hc360.com,Male,4695.07
Horace,hshuttleworth6v@arizona.edu,Male,6486.91
Constantina,cgarm6w@house.gov,Female,6940.8
Charissa,cpollicott6x@blogger.com,Female,3783.15
Pepillo,pcockshutt6y@msn.com,Male,5405.89
Justine,jmcnerlin6z@miibeian.gov.cn,Female,6614.5
Latrina,ldorin70@hexun.com,Female,6172.75
Ivette,iboyde71@goo.ne.jp,Female,5514.02
Neale,nmityashev72@mozilla.com,Male,6641.68
Andria,avelareal73@yandex.ru,Genderfluid,6877.78
Broderic,bcroxall74@shareasale.com,Male,3593.66
Justen,jsimonato75@lycos.com,Male,6678.34
Delly,dsymington76@qq.com,Female,4915.45
Sayer,sjandak77@amazon.co.uk,Male,3543.15
Corabella,clambersen78@japanpost.jp,Female,4419.82
Barnaby,bhalford79@wix.com,Male,5520.33
Bibi,bbraxton7a@pcworld.com,Female,5881.35
Christos,cpindred7b@wufoo.com,Male,5424.47
Lawrence,lculvey7c@dropbox.com,Male,6207.44
Genna,gpott7d@usgs.gov,Genderqueer,6650.95
Pietro,psickert7e@technorati.com,Male,3892.8
Mata,mbingell7f@gmpg.org,Male,4405.57
Rogerio,rcrosby7g@issuu.com,Male,5120.52
Kirbie,kcoite7h@amazon.com,Female,6310.8
Bertram,bgillian7i@go.com,Male,3538.85
Kayla,kkaser7j@is.gd,Female,6711.0
Rodd,roneill7k@usnews.com,Male,5446.49
Kiel,khadwick7l@furl.net,Male,5112.35
Granger,gmaccallister7m@1688.com,Male,4798.37
Cam,clemarquis7n@taobao.com,Female,4611.14
Kile,kharcus7o@alibaba.com,Male,5615.01
Devinne,dbruhn7p@geocities.jp,Female,4116.47
Tilly,tmcveighty7q@ask.com,Female,3605.26
Augy,aallerton7r@linkedin.com,Male,5902.34
Warner,wmckinna7s@reference.com,Male,6881.4
Hilly,hkirtlan7t@delicious.com,Male,4585.1
Shanie,scurnnok7u@ifeng.com,Female,5984.94
Percy,psoppeth7v@ucoz.com,Male,6263.07
Morris,mduckett7w@nytimes.com,Male,4061.35
Janene,jboays7x@princeton.edu,Female,5514.64
Elita,epreedy7y@state.gov,Female,4901.89
Gerianne,gkeningley7z@discuz.net,Female,5815.63
Janenna,jcoultard80@mayoclinic.com,Female,4795.26
Dion,dmcglue81@howstuffworks.com,Female,3683.76
Hope,hzupo82@dyndns.org,Female,6436.57
Ferdinand,fdurward83@auda.org.au,Male,5790.51
Nollie,njoules84@washington.edu,Male,6065.86
Christy,cfrank85@wordpress.org,Female,6422.04
Hedwiga,hliebmann86@hibu.com,Female,3762.16
Vicki,vforcade87@oakley.com,Female,6413.63
August,agilloran88@goo.ne.jp,Male,5124.65
Lola,lchaves89@apache.org,Female,6278.27
Sashenka,sniccols8a@list-manage.com,Female,5133.34
Oran,ojirusek8b@creativecommons.org,Male,5453.09
Dennet,dargyle8c@gov.uk,Male,6134.86
Garret,gdudny8d@nydailynews.com,Male,6253.87
Mitzi,mmeek8e@unesco.org,Polygender,4482.33
Fifi,fpablos8f@kickstarter.com,Female,5949.99
Symon,scroan8g@people.com.cn,Male,3639.3
Lyn,lgronaller8h@japanpost.jp,Male,3743.7
Adore,amoyse8i@plala.or.jp,Polygender,4692.54
Lindi,lbrook8j@hao123.com,Genderfluid,4591.76
Baxie,bmatveyev8k@disqus.com,Male,4179.52
Kellyann,kcradduck8l@arstechnica.com,Female,4976.89
Patricia,pmannock8m@nasa.gov,Bigender,4535.81
Cammie,cwebermann8n@bbc.co.uk,Female,4634.15
Ricky,rmorit8o@wordpress.com,Male,6865.83
Elenore,eabarrow8p@ning.com,Female,4540.62
Tracie,tscanterbury8q@macromedia.com,Female,5283.96
Eldridge,erubinovici8r@epa.gov,Male,6693.74
Crichton,cdennitts8s@miitbeian.gov.cn,Male,5178.1
Cornell,ckhomich8t@yandex.ru,Male,4128.76
Charmian,cgiaomozzo8u@howstuffworks.com,Female,5843.51
Joelynn,jeggins8v@friendfeed.com,Polygender,4125.26
Valle,vblackwood8w@moonfruit.com,Male,5804.99
Panchito,pjori8x@engadget.com,Male,5112.83
Bearnard,bakid8y@stumbleupon.com,Male,5629.83
Shoshanna,srehn8z@behance.net,Female,4606.71
Nikolas,nengley90@bloglovin.com,Male,6852.86
Donall,dgibling91@spiegel.de,Male,6736.31
Andrej,acoltman92@cam.ac.uk,Male,4807.59
Miner,macedo93@skyrock.com,Male,5972.88
Cobbie,ccuvley94@t-online.de,Male,6876.73
Jard,jdieton95@yolasite.com,Male,3921.63
Eliot,eolivie96@indiatimes.com,Male,6707.91
Griffie,gmcgirl97@noaa.gov,Male,5979.49
Myrvyn,mcristoferi98@nsw.gov.au,Agender,4478.44
Verne,vsarfas99@reddit.com,Male,5496.64
Randolph,rdewan9a@ucla.edu,Male,6067.16
Olav,obark9b@posterous.com,Male,4981.91
Heda,hstreetley9c@imdb.com,Female,6263.84
Joly,jisoldi9d@themeforest.net,Female,6906.73
Sophie,sbastick9e@google.fr,Female,3912.98
Fidole,fesser9f@google.nl,Male,6752.84
Karna,klawless9g@china.com.cn,Female,6489.88
Goldina,groddell9h@jimdo.com,Female,5916.39
Cherise,cpirrone9i@imageshack.us,Female,6621.72
Pammi,pslany9j@howstuffworks.com,Female,5077.97
Evania,ebakster9k@ycombinator.com,Female,6849.79
Mitchell,mmalt9l@nsw.gov.au,Male,5735.86
Jeremy,jwestcarr9m@washington.edu,Male,4562.84
Leeland,lfoux9n@apple.com,Male,6272.2
Haywood,hfeldbaum9o@redcross.org,Male,4125.26
Rubetta,rblodgett9p@indiatimes.com,Female,4663.7
Joly,jmarriot9q@techcrunch.com,Female,6039.01
Winona,wconfait9r@independent.co.uk,Female,6431.3
Adolpho,aelphey9s@stumbleupon.com,Male,5992.55
Adorne,ahaw9t@cnbc.com,Female,3517.63
Jillian,jiacobacci9u@shop-pro.jp,Female,4310.57
Neile,nlinnitt9v@state.tx.us,Female,6854.24
Lanie,lsherrard9w@wufoo.com,Male,5113.97
Krishna,kisaksson9x@lulu.com,Male,6418.02
Marysa,mhabens9y@opensource.org,Genderqueer,5802.23
Binny,bzammitt9z@webmd.com,Female,5646.48
Louisa,lkempstona0@quantcast.com,Female,3849.17
Shepperd,suttersona1@digg.com,Genderfluid,6104.53
Cynde,ctorta2@opensource.org,Genderqueer,5995.55
Jennifer,jtreadgeara3@usda.gov,Female,4307.31
Norry,nblazejewskia4@ed.gov,Male,6951.51
Noby,ndolbya5@vinaora.com,Male,5125.34
Melody,mmarcuma6@prweb.com,Female,6158.9
Tiphany,trichardsona7@intel.com,Female,4310.63
Saloma,smalafea8@dyndns.org,Non-binary,5105.26
Aurea,adaysha9@whitehouse.gov,Female,4174.12
Dona,dkeitleyaa@altervista.org,Female,3991.12
Anselm,abeyerab@odnoklassniki.ru,Male,6774.04
Gregorius,ghollingtonac@yellowbook.com,Male,5048.56
Paige,prodenburgad@state.gov,Female,3899.63
Chiquia,cpaskeae@arstechnica.com,Female,4422.99
Dniren,droadaf@ask.com,Female,6855.06
Consalve,cdumbrellag@samsung.com,Male,6476.07
Fabe,fbayfordah@newyorker.com,Male,5133.69
Jojo,jbloyesai@paginegialle.it,Female,6779.5
Margalit,mstarieaj@geocities.com,Female,5909.49
Wynne,wdavydochkinak@joomla.org,Female,6573.58
Skipton,sdimitrieval@ycombinator.com,Male,3841.14
Minetta,mkarchowskiam@soup.io,Female,5044.02
Joshia,jyankovan@tiny.cc,Male,6766.96
Vic,vburgisao@examiner.com,Male,4664.79
Jasmina,jumneyap@cbc.ca,Female,5723.45
Tedra,tpaysaq@businesswire.com,Female,4026.29
Dion,divantyevar@ning.com,Male,4744.44
Leon,ljobkeas@flavors.me,Male,6707.53
Lesli,lbolandat@salon.com,Female,5865.06
Geordie,gfiggsau@miibeian.gov.cn,Male,4708.38
Lalo,lmclemonav@shutterfly.com,Male,5080.23
Lesley,lvarnsaw@mozilla.org,Male,4246.95
Daphna,dwyllcocksax@yolasite.com,Female,6551.18
Rosamond,rempsonay@paginegialle.it,Female,3912.9
Beverlie,bomarkeyaz@pinterest.com,Female,5798.57
Pavlov,pteaseb0@eventbrite.com,Male,4243.66
Cirillo,cdixceyb1@moonfruit.com,Male,6585.78
Martin,mperesb2@rediff.com,Male,6534.7
Gavin,gshakesbyb3@tamu.edu,Male,3718.37
Kleon,kgritskovb4@deviantart.com,Male,3968.38
Kahaleel,kmulvihillb5@nsw.gov.au,Male,6873.66
Reynard,rjasiakb6@symantec.com,Male,5704.75
Jaclyn,jdockertyb7@vistaprint.com,Genderfluid,4786.95
Lancelot,lbenfordb8@nbcnews.com,Male,4670.14
Madel,mcruickshankb9@cocolog-nifty.com,Female,6511.82
Camilla,cwifeba@woothemes.com,Female,4982.31
Vivian,vsoutarbb@ask.com,Agender,5528.96
Jacintha,jgerlackbc@ovh.net,Female,5589.95
Lin,ltemplebd@reverbnation.com,Male,4245.36
Germain,gbraddbe@whitehouse.gov,Male,5472.72
Kit,klidyardbf@reuters.com,Female,3573.95
Pauly,pcharmanbg@wordpress.org,Female,6899.86
Barrett,bkellogbh@who.int,Male,3865.31
Willabella,whyndesbi@ask.com,Female,6880.08
Ginni,grudderhambj@cmu.edu,Agender,4733.57
Damita,dgilliebk@w3.org,Female,3777.64
Darill,dsomerfieldbl@fc2.com,Male,4896.76
Micah,mboeckebm@1und1.de,Male,4269.92
Wade,wtremethackbn@disqus.com,Male,4824.57
Effie,emcmenamiebo@tinypic.com,Female,6009.41
Robinia,rchominskibp@pcworld.com,Female,4217.73
Yanaton,yastmanbq@usda.gov,Male,3941.14
Carmelina,cjelphsbr@csmonitor.com,Female,4394.1
Sharon,sbenittibs@blogtalkradio.com,Female,5440.58
Madelena,mledgardbt@usda.gov,Female,4932.7
Theresa,tamoorebu@accuweather.com,Female,3887.86
Breanne,bmaddiganbv@sphinn.com,Non-binary,3560.18
Debby,dperchardbw@alibaba.com,Polygender,6004.8
Don,dcarahbx@npr.org,Male,3891.42
Panchito,pkitchingmanby@dropbox.com,Male,3709.72
Clint,cbrannanbz@hugedomains.com,Male,6261.41
Pincas,pduganc0@ycombinator.com,Male,4807.75
Ivette,ihekkertc1@behance.net,Female,4791.07
Carmelina,cderuelc2@photobucket.com,Female,3762.68
Auberon,aparnbyc3@dion.ne.jp,Male,6311.06
Lani,lbauduccioc4@elpais.com,Female,5460.36
Neila,nbowtonc5@vistaprint.com,Female,6507.62
Netta,nmacdiarmidc6@statcounter.com,Female,5414.17
Tod,tansterc7@utexas.edu,Male,3769.2
Lesley,lburtenshawc8@multiply.com,Female,3619.54
Allie,abracegirdlec9@linkedin.com,Male,6785.2
Bengt,bvaseninca@a8.net,Male,4682.17
Tabor,tsallowscb@mit.edu,Male,6622.7
Aleksandr,aminardcc@list-manage.com,Genderqueer,6256.43
Bianca,btylercd@ted.com,Genderfluid,5713.65
Chariot,cjandace@hubpages.com,Male,6004.22
Alecia,apendreycf@auda.org.au,Female,6590.77
Loren,lremirezcg@photobucket.com,Female,6015.58
Emmy,ekarolowskich@diigo.com,Male,3621.96
Cortney,cganningci@scientificamerican.com,Genderqueer,5140.45
Findlay,floinscj@example.com,Male,5006.23
Fionnula,fruppeleck@nbcnews.com,Female,4433.76
Albertine,adecreuzecl@apache.org,Female,3929.11
Fair,fpasbycm@istockphoto.com,Male,6031.87
Cammy,ccormodecn@howstuffworks.com,Male,6528.11
Jule,jpepinco@g.co,Male,6920.19
Selena,sdanahercp@4shared.com,Female,4186.8
Christoper,cticecq@instagram.com,Male,5633.21
Channa,cbernthcr@vkontakte.ru,Female,4692.0
Christos,cpiccardcs@washingtonpost.com,Male,5368.47
Elliott,epointsct@weather.com,Male,3689.8
Everard,edorncu@yellowpages.com,Male,3670.68
Andy,alenehamcv@yelp.com,Female,6308.9
Babita,bbohdencw@newyorker.com,Female,4504.9
Cathlene,cpalaycx@walmart.com,Genderqueer,3962.92
Benson,bbonsallcy@chron.com,Male,4945.37
Farlie,foakwellcz@icio.us,Male,3833.27
Elmira,eatthowd0@blog.com,Female,5288.73
Ingeborg,ibunfordd1@aboutads.info,Female,6342.83
Regan,rocannand2@bing.com,Female,4545.26
Boot,bwinwoodd3@state.tx.us,Male,6153.86
Letitia,lharcusd4@noaa.gov,Genderqueer,5669.99
Nappy,nrawd5@soundcloud.com,Genderfluid,5328.23
Essy,ebartlamd6@newyorker.com,Female,4273.02
Chad,cbardayd7@hao123.com,Male,6692.9
Valeria,vmcgurgand8@technorati.com,Female,5217.4
Gabrielle,gwhiffd9@thetimes.co.uk,Female,6233.96
Goldia,gpierceda@squarespace.com,Female,4807.97
Stormi,smagrannelldb@usgs.gov,Female,4099.91
Oby,obavesterdc@wikia.com,Bigender,4999.09
Olva,omabbsdd@ucla.edu,Female,5943.27
Kylen,kwinspearde@sciencedirect.com,Female,6176.2
Maurene,mhamshardf@uiuc.edu,Female,5344.85
Woodie,wagettdg@w3.org,Male,6852.18
Leonhard,ldainedh@goodreads.com,Male,6689.23
Annamaria,ahargreavedi@unc.edu,Female,6062.17
Ross,rrolindj@vk.com,Male,6096.61
Hiram,hlefeuvredk@rakuten.co.jp,Male,5941.24
Emilee,etrayforddl@theatlantic.com,Female,5009.43
Batholomew,bsnalomdm@tripod.com,Genderqueer,4374.55
Ferdy,fmclorinandn@taobao.com,Agender,6672.24
Leilah,lcondliffedo@merriam-webster.com,Genderqueer,5316.51
Skyler,scoronadodp@merriam-webster.com,Male,4077.93
Kimmie,kabsolemdq@tumblr.com,Female,6323.39
Fonz,floffilldr@joomla.org,Male,4331.95
Agathe,agregoraceds@bluehost.com,Female,6132.65
Chaddy,cwylemandt@hatena.ne.jp,Male,4113.16
Chance,cwilddu@nbcnews.com,Male,6097.16
Phillipp,pshailerdv@dagondesign.com,Male,4124.62
Dalis,drussidw@mac.com,Male,5273.59
Anson,afindleydx@globo.com,Male,6204.86
Ced,cfinesdy@globo.com,Male,5691.92
Filbert,fdunhilldz@twitpic.com,Male,4429.0
Gisela,ggallegose0@jalbum.net,Female,5090.74
Hewe,hwinge1@vk.com,Male,3893.86
Alicea,asturgese2@github.com,Female,6038.66
Damita,dbeadlee3@reddit.com,Female,6775.66
Morissa,mmacbethe4@oakley.com,Female,3783.33
Prescott,ptripconye5@time.com,Male,4186.9
Monroe,mperilloe6@xing.com,Male,5817.07
Janna,jpooltone7@sfgate.com,Female,4737.07
Palmer,prodgiere8@deliciousdays.com,Male,3791.42
Eadmund,etunaclifte9@boston.com,Male,5361.92
Rhiamon,rwriterea@bloglovin.com,Female,4270.61
Roderich,rfellmaneb@aol.com,Male,4924.99
Maryanne,mlimmingec@mashable.com,Female,6715.99
Eziechiele,efarleighed@live.com,Male,3649.07
Roderich,rfeaviouree@de.vu,Male,5687.12
Glynnis,ggocheref@google.fr,Female,3913.99
Isak,idavidofskieg@bloglines.com,Male,6910.96
Jamaal,jflookseh@etsy.com,Male,5098.42
Zelig,zarnowei@state.gov,Male,6734.55
Avivah,apawelkeej@vinaora.com,Female,3769.74
Ara,aspybeyek@smugmug.com,Male,3699.38
Avis,awhitecrossel@histats.com,Genderqueer,6763.02
Alvan,ahucksterem@gnu.org,Male,5971.64
Goober,gcohren@gizmodo.com,Male,4414.41
Daven,develeigheo@umich.edu,Male,6612.34
Geri,glenehamep@nasa.gov,Male,3591.8
Jervis,jhadleyeq@nsw.gov.au,Male,6085.1
Osmond,oyaknover@bloglovin.com,Male,4621.47
Marrilee,mbiskupiakes@furl.net,Female,6711.89
Antonia,agayeet@un.org,Female,5713.92
Ferris,fharbottleeu@umn.edu,Male,6217.48
Burnaby,bheelisev@163.com,Polygender,5346.2
Valery,vstonebanksew@github.com,Female,6511.3
Kimberli,kmontex@dyndns.org,Female,4518.94
Chiarra,caldwinckleey@typepad.com,Female,6184.07
Maible,mbalchenez@chronoengine.com,Agender,3646.82
Kriste,kbaigentf0@cocolog-nifty.com,Female,4461.9
Dane,dbarrief1@simplemachines.org,Male,5416.88
Millard,mwhacketf2@e-recht24.de,Male,5910.13
Christal,ckiehnef3@netlog.com,Female,6147.47
Paxton,pdouchf4@admin.ch,Male,5444.1
Hall,hmcguffief5@shareasale.com,Male,5570.4
Alisha,ahebblethwaitef6@netscape.com,Female,6537.92
Noreen,nmephamf7@engadget.com,Genderfluid,6089.09
Tracey,tmarshlandf8@uiuc.edu,Female,6198.7
Zak,zmacuraf9@google.co.jp,Male,4135.84
Witty,wdollfa@stanford.edu,Male,5709.97
Maximilian,mponderfb@examiner.com,Genderfluid,6744.57
Sashenka,smcquakerfc@friendfeed.com,Non-binary,3689.88
Alano,afranzettoinifd@oakley.com,Agender,4736.71
Shurlock,shaylefe@ucla.edu,Male,5062.79
Filberto,ftrillff@bing.com,Male,5695.69
Claretta,chanhamfg@comsenz.com,Female,4337.17
Claretta,cbirkbyfh@geocities.com,Polygender,4195.06
Kennith,khouricanfi@biglobe.ne.jp,Male,4012.52
Dietrich,dtemblettfj@microsoft.com,Male,4196.67
Bart,bdinzeyfk@hexun.com,Male,6586.88
Roxanne,rflickerfl@shinystat.com,Female,4679.72
Terrie,tkubalfm@simplemachines.org,Female,5646.43
Dotty,dhilleyfn@tiny.cc,Female,3845.91
Adriana,aeastwoodfo@apache.org,Female,3973.95
Tanny,tknightleyfp@bloomberg.com,Male,6214.35
Kerry,kdanserfq@netvibes.com,Male,5061.5
Nert,ndowtyfr@freewebs.com,Female,4458.92
Martina,mhillanfs@alibaba.com,Female,5243.78
Henriette,hchurchinft@timesonline.co.uk,Female,3783.79
Cleo,csmithemanfu@virginia.edu,Female,5984.18
Catie,cconneelyfv@blogspot.com,Female,5615.86
Phaidra,pprendeguestfw@army.mil,Female,6284.62
Ambros,astormesfx@yahoo.co.jp,Male,3699.53
Barbette,bbaffordfy@domainmarket.com,Female,6632.11
Staford,stollandfz@multiply.com,Male,6475.0
Lira,lpoulgreeng0@cbc.ca,Female,6266.26
Adriaens,amelodyg1@geocities.jp,Female,6652.65
Bogart,bcollissg2@google.es,Male,5552.75
Elvina,ehassing3@last.fm,Female,4051.69
Boris,barnowitzg4@yellowpages.com,Male,5983.22
Ulises,ualbrightong5@sourceforge.net,Male,5861.5
Cecilius,cstruang6@goodreads.com,Male,3514.39
Alard,alarticeg7@sourceforge.net,Male,5002.06
Haroun,hcoffing8@ning.com,Male,6975.47
Omero,ogarhamg9@oracle.com,Male,5359.97
Elva,epashleyga@mapy.cz,Female,4276.57
Kittie,kmoncrieffegb@webnode.com,Female,6024.1
Mord,mgilstingc@360.cn,Male,3653.69
Worthington,wmyhangd@biblegateway.com,Male,5893.28
Cristal,crampleege@symantec.com,Female,5802.91
Annabell,ahansodgf@mysql.com,Female,5823.91
Riordan,rgreedygg@mail.ru,Male,4640.01
Yancy,yjiragh@yolasite.com,Male,6665.18
Orelie,owetherburngi@mayoclinic.com,Female,4425.35
Kelsey,kfinlaisongj@wired.com,Male,3538.51
Vladamir,vgasconegk@blog.com,Male,6768.06
Scottie,slubmangl@issuu.com,Male,5667.14
Kamillah,kmuzzullogm@etsy.com,Female,4356.25
Bern,bmorsheadgn@reverbnation.com,Male,5707.08
Jeannette,jsimonitego@discuz.net,Agender,3829.18
Richy,rpettogp@ameblo.jp,Male,4247.52
Sal,satwoodgq@gov.uk,Male,5361.18
Keith,ksimonsgr@umn.edu,Male,6742.13
Abdul,apalesgs@slideshare.net,Male,4560.16
Aleen,acornuaugt@google.es,Female,5349.91
Guenevere,gmapstongu@imdb.com,Female,6932.54
Lorita,lbatongv@unicef.org,Female,4892.54
Hugibert,hlaskeygw@taobao.com,Male,4899.56
Leonelle,lbonnifacegx@ftc.gov,Female,3576.68
Inigo,ibaszniakgy@go.com,Male,4303.15
Dorothea,dteallgz@about.com,Female,6680.33
Corrine,cmerritth0@noaa.gov,Female,6961.7
Kurt,kwrigglesworthh1@wordpress.org,Male,3852.04
Webb,wlopezh2@va.gov,Male,6432.42
Mitchael,mbroggettih3@huffingtonpost.com,Male,6721.34
Lib,lsybeh4@uiuc.edu,Female,6224.2
Lindsay,lmonkhouseh5@free.fr,Male,4341.05
Jdavie,jgalloph6@indiegogo.com,Male,4092.92
Alexandro,amurgatroydh7@yandex.ru,Male,6865.03
Clem,cgorbellh8@i2i.jp,Male,4761.95
Garrik,gdanesh9@dropbox.com,Male,6312.61
Drud,dginiha@joomla.org,Male,3690.31
Fraze,fhulatthb@elpais.com,Male,4400.46
Zebulon,zshouldershc@bbb.org,Male,4185.76
Izzy,ibampforthhd@symantec.com,Male,6379.91
Wood,wrigneyhe@nba.com,Male,3712.27
Carney,ctilfordhf@technorati.com,Male,6096.82
Lucy,lmacdougallhg@bigcartel.com,Female,6073.13
Ellene,eclulowhh@nymag.com,Female,6360.13
Kele,kjaggershi@example.com,Male,5486.21
Jere,jkachhj@posterous.com,Male,5827.99
Myron,msultanahk@yolasite.com,Male,6594.95
Liliane,lcocklinghl@ovh.net,Female,6401.84
Addy,awankelhm@chronoengine.com,Male,3519.58
Fidelity,fswepsonhn@mac.com,Female,6538.21
Calvin,cwalheddho@goo.gl,Bigender,6572.06
Zackariah,zfrankhamhp@hc360.com,Male,4585.47
Sarah,sparadycehq@hud.gov,Female,3545.96
Darryl,dpolohr@sohu.com,Genderqueer,6057.47
Randie,rhartophs@blinklist.com,Male,5541.59
Jameson,jdeenerht@google.com.au,Male,6762.89
Loren,lperfecthu@unesco.org,Male,5840.0
Kingsly,kbeedhv@hc360.com,Male,4738.65
Allen,acallishw@mozilla.com,Male,4205.94
Fanny,ffoardhx@hostgator.com,Female,5138.2
Torin,tseaberthy@mozilla.org,Male,6187.3
Culley,ccullefordhz@webnode.com,Male,6544.15
Theodosia,ttrani0@eventbrite.com,Female,6075.7
Broddy,bzamorranoi1@opera.com,Male,6110.41
Sissy,smacbethi2@geocities.com,Female,5158.67
Desi,dmcandiei3@privacy.gov.au,Male,5625.51
Raddy,raymesi4@kickstarter.com,Bigender,6002.91
Wildon,walbutti5@howstuffworks.com,Male,5104.13
Bil,bminghellai6@mapy.cz,Male,6726.06
Caprice,cheenani7@economist.com,Female,6948.18
Harriet,hlemmertzi8@businessinsider.com,Female,6183.23
Kennie,ksedgebeeri9@opera.com,Male,5089.25
Chrisse,cbalazsia@skyrock.com,Male,4402.79
Madel,mdittib@etsy.com,Female,6690.94
Chelsey,cdeeslyic@psu.edu,Female,5741.31
Currey,cmonteid@storify.com,Agender,3826.79
Meryl,mpaddickie@infoseek.co.jp,Male,4837.95
Fax,fmacnabif@icq.com,Male,6833.73
Dody,dcoundleyig@w3.org,Female,3664.86
Currie,csasserih@kickstarter.com,Male,5898.87
Reena,rbeneii@angelfire.com,Female,4394.12
Levi,lboolij@washington.edu,Agender,6362.19
Fabian,fhamletik@infoseek.co.jp,Male,4323.6
Thorn,tkauscheril@over-blog.com,Male,4674.65
Lydie,lfasseim@baidu.com,Female,5665.74
Ruttger,rrisbroughin@dyndns.org,Male,4906.79
Crissie,cwinckleio@last.fm,Female,3995.62
Gleda,gfinneranip@vistaprint.com,Non-binary,6760.14
Joya,jvaughteniq@skype.com,Female,5157.4
Molli,mjozefowiczir@sohu.com,Female,4818.3
Karlik,kbotfieldis@alibaba.com,Male,5296.34
Jayme,jdickingsit@comsenz.com,Female,3895.42
Danila,dmacclenaniu@cpanel.net,Female,6311.46
Falkner,ffloundersiv@nymag.com,Male,5798.13
Kirsteni,kohearniw@xinhuanet.com,Female,6369.92
Gal,gemmanueleix@unblog.fr,Male,4269.52
Katherine,kmacaskilliy@google.fr,Female,5458.85
Alene,anorrisiz@multiply.com,Female,5823.57
Dean,dcoupmanj0@dedecms.com,Genderqueer,5303.69
Antoine,aniesingj1@flickr.com,Male,4941.65
Dyanne,dbrakewellj2@prnewswire.com,Female,5177.99
Jeffy,jdickej3@salon.com,Male,6162.26
Cesaro,cmcneaj4@yelp.com,Male,4351.44
Mariya,mcherringtonj5@friendfeed.com,Female,6519.0
Freddy,fstickellsj6@plala.or.jp,Male,6992.11
Cordelia,cformiej7@opera.com,Female,6469.22
Mirella,mfenneyj8@facebook.com,Female,4935.73
Tait,tbentinckj9@europa.eu,Male,4032.34
Jany,jcansdillja@over-blog.com,Female,4360.54
Simeon,ssysonjb@princeton.edu,Male,5091.48
Sven,sfloresjc@live.com,Male,4747.53
Viviyan,valexsandrowiczjd@imgur.com,Female,3914.28
Lucinda,lcolwellje@unc.edu,Female,4195.23
Chickie,chingejf@tripadvisor.com,Male,4914.6
